{
  "N": {
    "min": 0.0,
    "max": 140.0,
    "mean": 50.551818181818184,
    "median": 37.0,
    "std": 36.9173338337566
  },
  "P": {
    "min": 5.0,
    "max": 145.0,
    "mean": 53.36272727272727,
    "median": 51.0,
    "std": 32.98588273858715
  },
  "K": {
    "min": 5.0,
    "max": 205.0,
    "mean": 48.14909090909091,
    "median": 32.0,
    "std": 50.64793054666013
  },
  "temperature": {
    "min": 8.825674745,
    "max": 43.67549305,
    "mean": 25.616243851779544,
    "median": 25.5986932,
    "std": 5.063748599958843
  },
  "humidity": {
    "min": 14.25803981,
    "max": 99.98187601,
    "mean": 71.48177921778637,
    "median": 80.473145665,
    "std": 22.263811589761083
  },
  "ph": {
    "min": 3.504752314,
    "max": 9.93509073,
    "mean": 6.469480065256364,
    "median": 6.42504527,
    "std": 0.7739376880298733
  },
  "rainfall": {
    "min": 20.21126747,
    "max": 298.5601175,
    "mean": 103.46365541576817,
    "median": 94.86762427,
    "std": 54.95838852487813
  }
}