reducer,macro_f1_mean,macro_f1_std
lda,0.9839863575036875,0.003912944772915341
none,0.9789637458170135,0.006806719707723337
pca_95,0.9739052462484088,0.008301817149474384
