feature,anova_f_stat,anova_p_value,kruskal_stat,kruskal_p_value
N,897.568186325714,0.0,1765.3597824465185,0.0
P,1885.6578591842544,0.0,2007.179586563453,0.0
K,27238.362067075654,0.0,2065.9579134294418,0.0
humidity,3103.708891217461,0.0,2080.324801239107,0.0
rainfall,605.5279661441423,0.0,1944.9764759985137,0.0
temperature,102.18698122995393,4.019323818173197e-305,1317.2723818099194,4.864444140206696e-266
ph,60.34403352941376,6.4931618988390225e-199,1019.8747470819053,1.6301841021436463e-202
