method,rmse_mean,rmse_std,macro_f1_mean,macro_f1_std
knn,21.274820266010696,1.4150588751975939,0.9396987977155687,0.0031793109538625665
iterative_regression,30.28027792229035,0.5708400501048903,0.9005122899470914,0.004254000377812568
em_gaussian,30.278226111778725,0.592903186424985,0.9003030125736657,0.005198444442237264
median,37.62659521858415,1.252246243120471,0.896060705867907,0.0028508236095312746
mean,36.24176645596643,0.9702621735754924,0.8950334014560081,0.00192450594330903
