feature,vif
ph,26.066955947066432
temperature,23.414778869087783
humidity,15.070983427283092
P,9.06896251165756
K,5.324539099342378
rainfall,4.373791435862956
N,3.1440787652870763
