feature_condition,weight
K <= 20.00,-0.07066590130887845
P <= 28.00,-0.059920046144214416
94.77 < rainfall <= 123.59,0.051509673640767015
N <= 21.00,-0.04822357053374359
ph > 6.93,-0.024589943736449175
humidity > 89.91,0.003932067428409388
22.78 < temperature <= 25.52,-0.0035527839928159483
