feature,importance_mean,importance_std
rainfall,0.45285917071888965,0.01694320067137939
humidity,0.3614284061962974,0.023284711978266915
K,0.32505667291982243,0.013415001218247596
N,0.19505679709453355,0.017859945443710844
P,0.1380978255211419,0.013038764833449195
temperature,0.07350901984994852,0.012454248284628811
ph,0.022502601477572392,0.006417299094878527
