feature,mean_abs_shap
rainfall,0.03918528364843
humidity,0.03005488559534281
K,0.02627811195539261
N,0.02420048237620938
P,0.020604267832000825
temperature,0.010708992350748806
ph,0.005445582409718559
